Pa√≠s,Variable_Independiente,Valor_Variable,Parkinson_Predicho
Cambodia,Contaminacion_aire,2.579782,55.83366280903894
Cambodia,Exp_plomo,665.6298,55.83366280903894
Cambodia,Muertes_agua,793.3348,55.83366280903894
Cambodia,Pepticidas,35263.94,55.83366280903894
Cambodia,Precipitaciones,1121.2478,55.83366280903894
Cambodia,Muertes_agua_2,629380.10489104,55.83366280903894
Cambodia,Exp_plomo_2,443063.03064804006,55.83366280903894
Cambodia,Pepticidas_log,5.556905278795441,55.83366280903894
China,Contaminacion_aire,7.1866364,
China,Exp_plomo,458.91144,
China,Muertes_agua,2380.8706,
China,Pepticidas,60687.0,
China,Precipitaciones,24.7504,
China,Muertes_agua_2,5668544.813944361,
China,Exp_plomo_2,210599.70976287362,
China,Pepticidas_log,6.483107351457199,
Indonesia,Contaminacion_aire,2.9778376,
Indonesia,Exp_plomo,639.6052,
Indonesia,Muertes_agua,33702.586,
Indonesia,Pepticidas,6847.16,
Indonesia,Precipitaciones,618.2539,
Indonesia,Muertes_agua_2,1135864303.0873961,
Indonesia,Exp_plomo_2,409094.81186703994,
Indonesia,Pepticidas_log,6.302618975744905,
Laos,Contaminacion_aire,4.1519833,
Laos,Exp_plomo,852.68396,
Laos,Muertes_agua,571.4787,
Laos,Pepticidas,22.31,
Laos,Precipitaciones,1058.6294,
Laos,Muertes_agua_2,326587.90455369,
Laos,Exp_plomo_2,727069.9356412815,
Laos,Pepticidas_log,6.5337888379333435,
Malaysia,Contaminacion_aire,2.090159,
Malaysia,Exp_plomo,301.38852,
Malaysia,Muertes_agua,532.3118,
Malaysia,Pepticidas,745.6,
Malaysia,Precipitaciones,3685.5916,
Malaysia,Muertes_agua_2,283355.85241923993,
Malaysia,Exp_plomo_2,90835.03998779041,
Malaysia,Pepticidas_log,7.692670007995184,
Myanmar,Contaminacion_aire,7.745971,
Myanmar,Exp_plomo,657.0027,
Myanmar,Muertes_agua,3801.7,
Myanmar,Pepticidas,12365.82,
Myanmar,Precipitaciones,1963.774,
Myanmar,Muertes_agua_2,14452922.889999999,
Myanmar,Exp_plomo_2,431652.54780729,
Myanmar,Pepticidas_log,7.716340525683089,
Papua New Guinea,Contaminacion_aire,0.07248331,
Papua New Guinea,Exp_plomo,296.9616,
Papua New Guinea,Muertes_agua,2231.326,
Papua New Guinea,Pepticidas,366.93,
Papua New Guinea,Precipitaciones,1167.8141,
Papua New Guinea,Muertes_agua_2,4978815.718276,
Papua New Guinea,Exp_plomo_2,88186.19187455998,
Papua New Guinea,Pepticidas_log,7.834463559279005,
Philippines,Contaminacion_aire,0.17099167,
Philippines,Exp_plomo,423.95337,
Philippines,Muertes_agua,4750.216,
Philippines,Pepticidas,21811.0,
Philippines,Precipitaciones,2963.9946,
Philippines,Muertes_agua_2,22564552.046656005,
Philippines,Exp_plomo_2,179736.4599343569,
Philippines,Pepticidas_log,7.7211978920403155,
Samoa,Contaminacion_aire,1.6399639,
Samoa,Exp_plomo,236.4416,
Samoa,Muertes_agua,4.2251472,
Samoa,Pepticidas,261.39,
Samoa,Precipitaciones,29.401752,
Samoa,Muertes_agua_2,17.851868861667842,
Samoa,Exp_plomo_2,55904.63021056,
Samoa,Pepticidas_log,7.920773367808722,
Solomon Islands,Contaminacion_aire,0.023011552,
Solomon Islands,Exp_plomo,672.9419,
Solomon Islands,Muertes_agua,48.00437,
Solomon Islands,Pepticidas,148160.94,
Solomon Islands,Precipitaciones,1351.979,
Solomon Islands,Muertes_agua_2,2304.4195390969003,
Solomon Islands,Exp_plomo_2,452850.80077561,
Solomon Islands,Pepticidas_log,7.944807716976939,
Thailand,Contaminacion_aire,2.0694382,
Thailand,Exp_plomo,128.7159,
Thailand,Muertes_agua,4700.6655,
Thailand,Pepticidas,1.83,
Thailand,Precipitaciones,2187.1414,
Thailand,Muertes_agua_2,22096256.142890252,
Thailand,Exp_plomo_2,16567.782912810002,
Thailand,Pepticidas_log,7.8616500332536585,
Vanuatu,Contaminacion_aire,0.5430955,
Vanuatu,Exp_plomo,545.57825,
Vanuatu,Muertes_agua,26.11893,
Vanuatu,Pepticidas,1080.0,
Vanuatu,Precipitaciones,1142.9324,
Vanuatu,Muertes_agua_2,682.1985043448999,
Vanuatu,Exp_plomo_2,297655.6268730625,
Vanuatu,Pepticidas_log,7.749412977805297,
Azerbaijan,Contaminacion_aire,1.7794031,
Azerbaijan,Exp_plomo,353.49854,
Azerbaijan,Muertes_agua,98.64873,
Azerbaijan,Pepticidas,252.46,
Azerbaijan,Precipitaciones,1744.063,
Azerbaijan,Muertes_agua_2,9731.5719306129,
Azerbaijan,Exp_plomo_2,124961.2177821316,
Azerbaijan,Pepticidas_log,8.152313249786781,
Georgia,Contaminacion_aire,1.3108445,
Georgia,Exp_plomo,499.3634,
Georgia,Muertes_agua,2.9770522,
Georgia,Pepticidas,11.26,
Georgia,Precipitaciones,2331.577,
Georgia,Muertes_agua_2,8.86283980152484,
Georgia,Exp_plomo_2,249363.80525956,
Georgia,Pepticidas_log,8.285324183783668,
Kazakhstan,Contaminacion_aire,3.7545853,
Kazakhstan,Exp_plomo,232.45064,
Kazakhstan,Muertes_agua,20.90864,
Kazakhstan,Pepticidas,312.9,
Kazakhstan,Precipitaciones,1848.2725,
Kazakhstan,Muertes_agua_2,437.17122664959993,
Kazakhstan,Exp_plomo_2,54033.30003640959,
Kazakhstan,Pepticidas_log,8.296980341398603,
Kiribati,Contaminacion_aire,6.2221065,
Kiribati,Exp_plomo,311.93912,
Kiribati,Muertes_agua,27.562164,
Kiribati,Pepticidas,43.8,
Kiribati,Precipitaciones,607.28046,
Kiribati,Muertes_agua_2,759.672884362896,
Kiribati,Exp_plomo_2,97306.0145863744,
Kiribati,Pepticidas_log,8.420054340611824,
Kyrgyzstan,Contaminacion_aire,4.2210145,
Kyrgyzstan,Exp_plomo,401.83533,
Kyrgyzstan,Muertes_agua,33.46524,
Kyrgyzstan,Pepticidas,53283.82,
Kyrgyzstan,Precipitaciones,1111.1531,
Kyrgyzstan,Muertes_agua_2,1119.9222882576,
Kyrgyzstan,Exp_plomo_2,161471.6324362089,
Kyrgyzstan,Pepticidas_log,8.608960739869339,
Mongolia,Contaminacion_aire,1.487863,
Mongolia,Exp_plomo,421.39554,
Mongolia,Muertes_agua,16.173885,
Mongolia,Pepticidas,4642.42,
Mongolia,Precipitaciones,1602.1592,
Mongolia,Muertes_agua_2,261.59455599322496,
Mongolia,Exp_plomo_2,177574.20113189158,
Mongolia,Pepticidas_log,8.672338804704442,
Sri Lanka,Contaminacion_aire,3.6152382,
Sri Lanka,Exp_plomo,184.13957,
Sri Lanka,Muertes_agua,536.10913,
Sri Lanka,Pepticidas,20.0,
Sri Lanka,Precipitaciones,1269.9395,
Sri Lanka,Muertes_agua_2,287412.99926935695,
Sri Lanka,Exp_plomo_2,33907.381239784896,
Sri Lanka,Pepticidas_log,8.483040573743368,
Tajikistan,Contaminacion_aire,3.8829222,
Tajikistan,Exp_plomo,559.98724,
Tajikistan,Muertes_agua,764.55536,
Tajikistan,Pepticidas,730.77,
Tajikistan,Precipitaciones,624.36426,
Tajikistan,Muertes_agua_2,584544.8985047295,
Tajikistan,Exp_plomo_2,313585.7089628177,
Tajikistan,Pepticidas_log,8.863563423716348,
East Timor,Contaminacion_aire,1.7795753,
East Timor,Exp_plomo,796.0813,
East Timor,Muertes_agua,109.64855,
East Timor,Pepticidas,93516.78,
East Timor,Precipitaciones,652.16895,
East Timor,Muertes_agua_2,12022.8045171025,
East Timor,Exp_plomo_2,633745.4362096901,
East Timor,Pepticidas_log,8.898720735146707,
Turkmenistan,Contaminacion_aire,1.1051812,
Turkmenistan,Exp_plomo,420.2075,
Turkmenistan,Muertes_agua,27.763254,
Turkmenistan,Pepticidas,1.73,
Turkmenistan,Precipitaciones,3257.1455,
Turkmenistan,Muertes_agua_2,770.798272668516,
Turkmenistan,Exp_plomo_2,176574.34305624999,
Turkmenistan,Pepticidas_log,9.011379547184973,
Armenia,Contaminacion_aire,2.264501,
Armenia,Exp_plomo,266.62408,
Armenia,Muertes_agua,2.0748687,
Armenia,Pepticidas,148.21,
Armenia,Precipitaciones,1057.9758,
Armenia,Muertes_agua_2,4.305080122239691,
Armenia,Exp_plomo_2,71088.4000358464,
Armenia,Pepticidas_log,9.274422539000053,
Fiji,Contaminacion_aire,0.38150686,
Fiji,Exp_plomo,224.60007,
Fiji,Muertes_agua,86.012695,
Fiji,Pepticidas,506.82,
Fiji,Precipitaciones,1151.4725,
Fiji,Muertes_agua_2,7398.183701163024,
Fiji,Exp_plomo_2,50445.19144400489,
Fiji,Pepticidas_log,9.200972631384348,
Albania,Contaminacion_aire,0.5933416,
Albania,Exp_plomo,298.68884,
Albania,Muertes_agua,7.837733,
Albania,Pepticidas,433.3,
Albania,Precipitaciones,1288.2554,
Albania,Muertes_agua_2,61.430058579289,
Albania,Exp_plomo_2,89215.02314054561,
Albania,Pepticidas_log,9.200972631384348,
Czechia,Contaminacion_aire,1.6327243,
Czechia,Exp_plomo,105.90344,
Czechia,Muertes_agua,100.004616,
Czechia,Pepticidas,3174.0,
Czechia,Precipitaciones,643.9272,
Czechia,Muertes_agua_2,10000.923221307456,
Czechia,Exp_plomo_2,11215.5386038336,
Czechia,Pepticidas_log,10.294481794215836,
Hungary,Contaminacion_aire,2.1753864,
Hungary,Exp_plomo,206.86623,
Hungary,Muertes_agua,73.84984,
Hungary,Pepticidas,5922.88,
Hungary,Precipitaciones,484.06467,
Hungary,Muertes_agua_2,5453.7988680256,
Hungary,Exp_plomo_2,42793.6371144129,
Hungary,Pepticidas_log,10.291416463054876,
Montenegro,Contaminacion_aire,0.62196225,
Montenegro,Exp_plomo,254.66252,
Montenegro,Muertes_agua,0.1588547,
Montenegro,Pepticidas,576.76,
Montenegro,Precipitaciones,1456.8025,
Montenegro,Muertes_agua_2,0.025234815712089995,
Montenegro,Exp_plomo_2,64852.9990927504,
Montenegro,Pepticidas_log,10.288341706740168,
North Macedonia,Contaminacion_aire,0.6995794,
North Macedonia,Exp_plomo,403.33508,
North Macedonia,Muertes_agua,8.967159,
North Macedonia,Pepticidas,29356.31,
North Macedonia,Precipitaciones,775.9332,
North Macedonia,Muertes_agua_2,80.40994053128101,
North Macedonia,Exp_plomo_2,162679.1867586064,
North Macedonia,Pepticidas_log,10.285257467132757,
Bulgaria,Contaminacion_aire,0.877371,
Bulgaria,Exp_plomo,494.3837,
Bulgaria,Muertes_agua,34.4442,
Bulgaria,Pepticidas,207.1,
Bulgaria,Precipitaciones,158.60748,
Bulgaria,Muertes_agua_2,1186.4029136400002,
Bulgaria,Exp_plomo_2,244415.24282569,
Bulgaria,Pepticidas_log,10.282163685554078,
Croatia,Contaminacion_aire,2.1619835,
Croatia,Exp_plomo,166.19066,
Croatia,Muertes_agua,18.283289,
Croatia,Pepticidas,745.22,
Croatia,Precipitaciones,521.9873,
Croatia,Muertes_agua_2,334.27865665752097,
Croatia,Exp_plomo_2,27619.3354712356,
Croatia,Pepticidas_log,10.380838188807413,
Romania,Contaminacion_aire,0.31173155,
Romania,Exp_plomo,279.2089,
Romania,Muertes_agua,161.72968,
Romania,Pepticidas,415.67,
Romania,Precipitaciones,155.74265,
Romania,Muertes_agua_2,26156.4893929024,
Romania,Exp_plomo_2,77957.60983921001,
Romania,Pepticidas_log,10.470644548237175,
Bosnia and Herzegovina,Contaminacion_aire,1.5376102,
Bosnia and Herzegovina,Exp_plomo,329.20108,
Bosnia and Herzegovina,Muertes_agua,9.076801,
Bosnia and Herzegovina,Pepticidas,102139.37,
Bosnia and Herzegovina,Precipitaciones,1073.2523,
Bosnia and Herzegovina,Muertes_agua_2,82.38831639360099,
Bosnia and Herzegovina,Exp_plomo_2,108373.3510731664,
Bosnia and Herzegovina,Pepticidas_log,12.431743480570804,
Serbia,Contaminacion_aire,0.65176404,
Serbia,Exp_plomo,272.4166,
Serbia,Muertes_agua,20.257597,
Serbia,Pepticidas,58.2,
Serbia,Precipitaciones,326.00586,
Serbia,Muertes_agua_2,410.37023621440903,
Serbia,Exp_plomo_2,74210.80395556001,
Serbia,Pepticidas_log,12.426066842831045,
Belarus,Contaminacion_aire,0.3019003,
Belarus,Exp_plomo,283.93698,
Belarus,Muertes_agua,4.3757954,
Belarus,Pepticidas,9186.0,
Belarus,Precipitaciones,923.494,
Belarus,Muertes_agua_2,19.147585382661163,
Belarus,Exp_plomo_2,80620.2086115204,
Belarus,Pepticidas_log,12.461562489064152,
Estonia,Contaminacion_aire,0.1901441,
Estonia,Exp_plomo,162.21346,
Estonia,Muertes_agua,0.46720752,
Estonia,Pepticidas,459330.5,
Estonia,Precipitaciones,935.0709,
Estonia,Muertes_agua_2,0.21828286674455039,
Estonia,Exp_plomo_2,26313.2066051716,
Estonia,Pepticidas_log,12.470260553840271,
Latvia,Contaminacion_aire,0.24607687,
Latvia,Exp_plomo,166.3286,
Latvia,Muertes_agua,0.7893696,
Latvia,Pepticidas,732.24,
Latvia,Precipitaciones,1578.9829,
Latvia,Muertes_agua_2,0.62310436540416,
Latvia,Exp_plomo_2,27665.203177959997,
Latvia,Pepticidas_log,12.511798225404226,
Poland,Contaminacion_aire,0.87785554,
Poland,Exp_plomo,183.64568,
Poland,Muertes_agua,290.7902,
Poland,Pepticidas,218.6,
Poland,Precipitaciones,1179.969,
Poland,Muertes_agua_2,84558.94041604002,
Poland,Exp_plomo_2,33725.7357826624,
Poland,Pepticidas_log,12.560182702957942,
Moldova,Contaminacion_aire,0.50516033,
Moldova,Exp_plomo,302.1988,
Moldova,Muertes_agua,7.1595335,
Moldova,Pepticidas,424.6,
Moldova,Precipitaciones,124.56961,
Moldova,Muertes_agua_2,51.25891993762225,
Moldova,Exp_plomo_2,91324.11472144,
Moldova,Pepticidas_log,12.609259426888539,
Russia,Contaminacion_aire,0.47485495,
Russia,Exp_plomo,207.93044,
Russia,Muertes_agua,131.46239,
Russia,Pepticidas,23.66,
Russia,Precipitaciones,1531.9741,
Russia,Muertes_agua_2,17282.3599845121,
Russia,Exp_plomo_2,43235.0678785936,
Russia,Pepticidas_log,12.663246954857984,
Slovakia,Contaminacion_aire,0.8030089,
Slovakia,Exp_plomo,172.16663,
Slovakia,Muertes_agua,4.474499,
Slovakia,Pepticidas,195252.6,
Slovakia,Precipitaciones,22.142487,
Slovakia,Muertes_agua_2,20.021141301001,
Slovakia,Exp_plomo_2,29641.3484855569,
Slovakia,Pepticidas_log,12.690240733507988,
Slovenia,Contaminacion_aire,1.5175254,
Slovenia,Exp_plomo,70.1858,
Slovenia,Muertes_agua,4.9976473,
Slovenia,Pepticidas,18233.6,
Slovenia,Precipitaciones,168.16281,
Slovenia,Muertes_agua_2,24.976478535197288,
Slovenia,Exp_plomo_2,4926.04652164,
Slovenia,Pepticidas_log,12.71077798852818,
Andorra,Contaminacion_aire,1.8018036,
Andorra,Exp_plomo,52.287903,
Andorra,Muertes_agua,0.0037068508,
Andorra,Pepticidas,17.3,
Andorra,Precipitaciones,1673.2242,
Andorra,Muertes_agua_2,1.374074285346064e-05,
Andorra,Exp_plomo_2,2734.024800137409,
Andorra,Pepticidas_log,12.736261917902356,
Australia,Contaminacion_aire,0.30645606,
Australia,Exp_plomo,87.49931,
Australia,Muertes_agua,28.572466,
Australia,Pepticidas,4246.0,
Australia,Precipitaciones,852.40356,
Australia,Muertes_agua_2,816.3858133211559,
Australia,Exp_plomo_2,7656.129250476099,
Australia,Pepticidas_log,12.753385287770215,
Austria,Contaminacion_aire,1.6432282,
Austria,Exp_plomo,81.569016,
Austria,Muertes_agua,5.838471,
Austria,Pepticidas,148.68,
Austria,Precipitaciones,1584.2688,
Austria,Muertes_agua_2,34.087743617841,
Austria,Exp_plomo_2,6653.504371208257,
Austria,Pepticidas_log,12.767029305523295,
Belgium,Contaminacion_aire,1.2079145,
Belgium,Exp_plomo,104.50203,
Belgium,Muertes_agua,32.459236,
Belgium,Pepticidas,1118.67,
Belgium,Precipitaciones,696.3454,
Belgium,Muertes_agua_2,1053.6020017036958,
Belgium,Exp_plomo_2,10920.674274120902,
Belgium,Pepticidas_log,12.768648961061583,
Brunei,Contaminacion_aire,0.39755654,
Brunei,Exp_plomo,185.34706,
Brunei,Muertes_agua,0.34068984,
Brunei,Pepticidas,661.12,
Brunei,Precipitaciones,2535.129,
Brunei,Muertes_agua_2,0.11606956707922561,
Brunei,Exp_plomo_2,34353.5326506436,
Brunei,Pepticidas_log,12.763460066785456,
Cyprus,Contaminacion_aire,3.597214,
Cyprus,Exp_plomo,172.52719,
Cyprus,Muertes_agua,1.9227827,
Cyprus,Pepticidas,1105.73,
Cyprus,Precipitaciones,1631.8541,
Cyprus,Muertes_agua_2,3.6970933114192897,
Cyprus,Exp_plomo_2,29765.631289296096,
Cyprus,Pepticidas_log,12.754448934849785,
Denmark,Contaminacion_aire,1.6572753,
Denmark,Exp_plomo,56.231777,
Denmark,Muertes_agua,11.729352,
Denmark,Pepticidas,3.12,
Denmark,Precipitaciones,652.34125,
Denmark,Muertes_agua_2,137.577698339904,
Denmark,Exp_plomo_2,3162.0127445777293,
Denmark,Pepticidas_log,12.73172595382547,
Ireland,Contaminacion_aire,0.15056528,
Ireland,Exp_plomo,68.44124,
Ireland,Muertes_agua,1.3069277,
Ireland,Pepticidas,61164.07,
Ireland,Precipitaciones,634.18756,
Ireland,Muertes_agua_2,1.7080600130272898,
Ireland,Exp_plomo_2,4684.203332737599,
Ireland,Pepticidas_log,12.686192897494887,
Israel,Contaminacion_aire,1.5694212,
Israel,Exp_plomo,53.90672,
Israel,Muertes_agua,12.92909,
Israel,Pepticidas,1351.11,
Israel,Precipitaciones,802.5742,
Israel,Muertes_agua_2,167.1613682281,
Israel,Exp_plomo_2,2905.9344611584,
Israel,Pepticidas_log,12.593656974408537,
Italy,Contaminacion_aire,2.1350012,
Italy,Exp_plomo,110.78336,
Italy,Muertes_agua,97.77791,
Italy,Pepticidas,8716.14,
Italy,Precipitaciones,1772.6072,
Italy,Muertes_agua_2,9560.519683968101,
Italy,Exp_plomo_2,12272.9528528896,
Italy,Pepticidas_log,12.519314637279935,
Japan,Contaminacion_aire,0.5440833,
Japan,Exp_plomo,40.21622,
Japan,Muertes_agua,456.09146,
Japan,Pepticidas,9.7,
Japan,Precipitaciones,888.95795,
Japan,Muertes_agua_2,208019.4198849316,
Japan,Exp_plomo_2,1617.3443510884,
Japan,Pepticidas_log,12.463652173689491,
Lithuania,Contaminacion_aire,0.2148599,
Lithuania,Exp_plomo,147.30397,
Lithuania,Muertes_agua,3.5753098,
Lithuania,Pepticidas,171.8,
Lithuania,Precipitaciones,1305.063,
Lithuania,Muertes_agua_2,12.782840165976038,
Lithuania,Exp_plomo_2,21698.4595777609,
Lithuania,Pepticidas_log,12.408484696679341,
Luxembourg,Contaminacion_aire,1.3308094,
Luxembourg,Exp_plomo,59.935997,
Luxembourg,Muertes_agua,0.65750074,
Luxembourg,Pepticidas,38.04,
Luxembourg,Precipitaciones,1357.3196,
Luxembourg,Muertes_agua_2,0.43230722310054764,
Luxembourg,Exp_plomo_2,3592.323736384009,
Luxembourg,Pepticidas_log,12.370575301141606,
New Zealand,Contaminacion_aire,0.4195744,
New Zealand,Exp_plomo,106.02039,
New Zealand,Muertes_agua,12.859349,
New Zealand,Pepticidas,970.0,
New Zealand,Precipitaciones,859.16486,
New Zealand,Muertes_agua_2,165.362856703801,
New Zealand,Exp_plomo_2,11240.323095752101,
New Zealand,Pepticidas_log,9.801415512798407,
South Korea,Contaminacion_aire,2.20323,
South Korea,Exp_plomo,90.42523,
South Korea,Muertes_agua,139.13666,
South Korea,Pepticidas,207.0,
South Korea,Precipitaciones,1626.1631,
South Korea,Muertes_agua_2,19359.010155955602,
South Korea,Exp_plomo_2,8176.7222205529,
South Korea,Pepticidas_log,9.730205020392843,
Ukraine,Contaminacion_aire,0.4801476,
Ukraine,Exp_plomo,215.91557,
Ukraine,Muertes_agua,15.891642,
Ukraine,Pepticidas,43544.19,
Ukraine,Precipitaciones,1746.633,
Ukraine,Muertes_agua_2,252.54428545616398,
Ukraine,Exp_plomo_2,46619.5333684249,
Ukraine,Pepticidas_log,9.636061599308759,
Finland,Contaminacion_aire,0.18233627,
Finland,Exp_plomo,55.139652,
Finland,Muertes_agua,3.0906427,
Finland,Pepticidas,865.96,
Finland,Precipitaciones,1021.5873,
Finland,Muertes_agua_2,9.55207229906329,
Finland,Exp_plomo_2,3040.3812226811037,
Finland,Pepticidas_log,9.613323068114427,
France,Contaminacion_aire,0.6636257,
France,Exp_plomo,64.76011,
France,Muertes_agua,61.07749,
France,Pepticidas,3081.1,
France,Precipitaciones,1438.6268,
France,Muertes_agua_2,3730.4597847000996,
France,Exp_plomo_2,4193.8718472121,
France,Pepticidas_log,9.74404271669641,
Germany,Contaminacion_aire,1.2405633,
Germany,Exp_plomo,65.185234,
Germany,Muertes_agua,87.83112,
Germany,Pepticidas,215.63,
Germany,Precipitaciones,1337.0881,
Germany,Muertes_agua_2,7714.3056404543995,
Germany,Exp_plomo_2,4249.114731634755,
Germany,Pepticidas_log,9.9113183119513,
Greece,Contaminacion_aire,1.433775,
Greece,Exp_plomo,171.30447,
Greece,Muertes_agua,2.6891315,
Greece,Pepticidas,22883.17,
Greece,Precipitaciones,24.174356,
Greece,Muertes_agua_2,7.231428224292249,
Greece,Exp_plomo_2,29345.221441980902,
Greece,Pepticidas_log,9.80265123170208,
Iceland,Contaminacion_aire,0.63382787,
Iceland,Exp_plomo,62.67418,
Iceland,Muertes_agua,0.1334811,
Iceland,Pepticidas,1062.61,
Iceland,Precipitaciones,969.0695,
Iceland,Muertes_agua_2,0.017817204057209997,
Iceland,Exp_plomo_2,3928.0528386724,
Iceland,Pepticidas_log,9.680718930926991,
Netherlands,Contaminacion_aire,1.4065689,
Netherlands,Exp_plomo,55.8275,
Netherlands,Muertes_agua,13.615331,
Netherlands,Pepticidas,3445.22,
Netherlands,Precipitaciones,1377.0824,
Netherlands,Muertes_agua_2,185.377238239561,
Netherlands,Exp_plomo_2,3116.7097562500003,
Netherlands,Pepticidas_log,11.01350126392868,
Norway,Contaminacion_aire,0.63661855,
Norway,Exp_plomo,52.21204,
Norway,Muertes_agua,9.494911,
Norway,Pepticidas,3308.54,
Norway,Precipitaciones,2026.592,
Norway,Muertes_agua_2,90.153334897921,
Norway,Exp_plomo_2,2726.0971209616,
Norway,Pepticidas_log,,
Portugal,Contaminacion_aire,0.95477813,
Portugal,Exp_plomo,147.16626,
Portugal,Muertes_agua,17.56546,
Portugal,Pepticidas,104.39,
Portugal,Precipitaciones,904.6849,
Portugal,Muertes_agua_2,308.54538501160005,
Portugal,Exp_plomo_2,21657.9080823876,
Portugal,Pepticidas_log,,
Spain,Contaminacion_aire,2.4069355,
Spain,Exp_plomo,118.20587,
Spain,Muertes_agua,55.81742,
Spain,Pepticidas,130.22,
Spain,Precipitaciones,744.6601,
Spain,Muertes_agua_2,3115.5843754564,
Spain,Exp_plomo_2,13972.6277024569,
Spain,Pepticidas_log,,
Sweden,Contaminacion_aire,0.41206414,
Sweden,Exp_plomo,49.79437,
Sweden,Muertes_agua,24.634127,
Sweden,Pepticidas,11.21,
Sweden,Precipitaciones,853.216,
Sweden,Muertes_agua_2,606.840213052129,
Sweden,Exp_plomo_2,2479.4792836969,
Sweden,Pepticidas_log,,
Switzerland,Contaminacion_aire,1.2404749,
Switzerland,Exp_plomo,71.06094,
Switzerland,Muertes_agua,6.2997894,
Switzerland,Pepticidas,314.0,
Switzerland,Precipitaciones,693.40826,
Switzerland,Muertes_agua_2,39.68734648435236,
Switzerland,Exp_plomo_2,5049.6571936836,
Switzerland,Pepticidas_log,,
Antigua and Barbuda,Contaminacion_aire,0.0008562899,
Antigua and Barbuda,Exp_plomo,332.3973,
Antigua and Barbuda,Muertes_agua,0.7545274,
Antigua and Barbuda,Pepticidas,250.94,
Antigua and Barbuda,Precipitaciones,1147.3763,
Antigua and Barbuda,Muertes_agua_2,0.56931159735076,
Antigua and Barbuda,Exp_plomo_2,110487.96504728998,
Antigua and Barbuda,Pepticidas_log,,
Argentina,Contaminacion_aire,0.9815333,
Argentina,Exp_plomo,140.98857,
Argentina,Muertes_agua,219.055,
Argentina,Pepticidas,241519.98,
Argentina,Precipitaciones,521.4431,
Argentina,Muertes_agua_2,47985.093025,
Argentina,Exp_plomo_2,19877.776870644902,
Argentina,Pepticidas_log,,
Bahamas,Contaminacion_aire,0.36078987,
Bahamas,Exp_plomo,274.91766,
Bahamas,Muertes_agua,2.0114696,
Bahamas,Pepticidas,14.05,
Bahamas,Precipitaciones,545.3027,
Bahamas,Muertes_agua_2,4.04600995172416,
Bahamas,Exp_plomo_2,75579.71977987561,
Bahamas,Pepticidas_log,,
Belize,Contaminacion_aire,1.0403091,
Belize,Exp_plomo,271.38293,
Belize,Muertes_agua,6.712676,
Belize,Pepticidas,77.85,
Belize,Precipitaciones,1459.3962,
Belize,Muertes_agua_2,45.060019080976,
Belize,Exp_plomo_2,73648.6946953849,
Belize,Pepticidas_log,,
Canada,Contaminacion_aire,0.89223635,
Canada,Exp_plomo,59.354424,
Canada,Muertes_agua,63.769382,
Canada,Pepticidas,12868.45,
Canada,Precipitaciones,466.49026,
Canada,Muertes_agua_2,4066.5340806619242,
Canada,Exp_plomo_2,3522.9476483717763,
Canada,Pepticidas_log,,
Chile,Contaminacion_aire,0.54064375,
Chile,Exp_plomo,66.66258,
Chile,Muertes_agua,57.96433,
Chile,Pepticidas,241540.66,
Chile,Precipitaciones,1724.321,
Chile,Muertes_agua_2,3359.8635523488997,
Chile,Exp_plomo_2,4443.8995722564005,
Chile,Pepticidas_log,,
Cuba,Contaminacion_aire,0.6456112,
Cuba,Exp_plomo,376.7464,
Cuba,Muertes_agua,149.35968,
Cuba,Pepticidas,4590.0,
Cuba,Precipitaciones,868.4816,
Cuba,Muertes_agua_2,22308.3140097024,
Cuba,Exp_plomo_2,141937.84991296,
Cuba,Pepticidas_log,,
United Kingdom,Contaminacion_aire,0.3881125,
United Kingdom,Exp_plomo,62.81086,
United Kingdom,Muertes_agua,28.807419,
United Kingdom,Pepticidas,138549.38,
United Kingdom,Precipitaciones,116.4217,
United Kingdom,Muertes_agua_2,829.8673894415609,
United Kingdom,Exp_plomo_2,3945.2041339395996,
United Kingdom,Pepticidas_log,,
United States,Contaminacion_aire,2.215381,
United States,Exp_plomo,114.992676,
United States,Muertes_agua,406.09113,
United States,Pepticidas,1958058.0,
United States,Precipitaciones,1455.5989,
United States,Muertes_agua_2,164910.0058646769,
United States,Exp_plomo_2,13223.315533640976,
United States,Pepticidas_log,,
Uruguay,Contaminacion_aire,0.7758184,
Uruguay,Exp_plomo,187.52585,
Uruguay,Muertes_agua,27.083086,
Uruguay,Pepticidas,586.83,
Uruguay,Precipitaciones,2084.7024,
Uruguay,Muertes_agua_2,733.4935472833961,
Uruguay,Exp_plomo_2,35165.9444182225,
Uruguay,Pepticidas_log,,
Dominican Republic,Contaminacion_aire,0.352938,
Dominican Republic,Exp_plomo,628.5986,
Dominican Republic,Muertes_agua,429.86258,
Dominican Republic,Pepticidas,356252.5,
Dominican Republic,Precipitaciones,1617.8756,
Dominican Republic,Muertes_agua_2,184781.83768425637,
Dominican Republic,Exp_plomo_2,395136.19992196007,
Dominican Republic,Pepticidas_log,,
Jamaica,Contaminacion_aire,0.81051135,
Jamaica,Exp_plomo,408.42532,
Jamaica,Muertes_agua,56.686287,
Jamaica,Pepticidas,2181.52,
Jamaica,Precipitaciones,1737.6167,
Jamaica,Muertes_agua_2,3213.335133846369,
Jamaica,Exp_plomo_2,166811.2420171024,
Jamaica,Pepticidas_log,,
Saint Vincent and the Grenadines,Contaminacion_aire,0.01149241,
Saint Vincent and the Grenadines,Exp_plomo,678.21075,
Saint Vincent and the Grenadines,Muertes_agua,2.2819254,
Saint Vincent and the Grenadines,Pepticidas,87.05,
Saint Vincent and the Grenadines,Precipitaciones,1145.0962,
Saint Vincent and the Grenadines,Muertes_agua_2,5.2071835311651595,
Saint Vincent and the Grenadines,Exp_plomo_2,459969.8214155625,
Saint Vincent and the Grenadines,Pepticidas_log,,
Suriname,Contaminacion_aire,0.05890681,
Suriname,Exp_plomo,454.41153,
Suriname,Muertes_agua,24.353745,
Suriname,Pepticidas,3.67,
Suriname,Precipitaciones,717.69086,
Suriname,Muertes_agua_2,593.104895525025,
Suriname,Exp_plomo_2,206489.8385969409,
Suriname,Pepticidas_log,,
Bolivia,Contaminacion_aire,1.9159045,
Bolivia,Exp_plomo,399.36374,
Bolivia,Muertes_agua,280.34274,
Bolivia,Pepticidas,176.61,
Bolivia,Precipitaciones,1763.6835,
Bolivia,Muertes_agua_2,78592.0518707076,
Bolivia,Exp_plomo_2,159491.39682678762,
Bolivia,Pepticidas_log,,
Colombia,Contaminacion_aire,0.6423592,
Colombia,Exp_plomo,183.7082,
Colombia,Muertes_agua,524.94434,
Colombia,Pepticidas,280.83,
Colombia,Precipitaciones,181.02701,
Colombia,Muertes_agua_2,275566.5600980356,
Colombia,Exp_plomo_2,33748.70274724,
Colombia,Pepticidas_log,,
Costa Rica,Contaminacion_aire,0.6244571,
Costa Rica,Exp_plomo,189.29597,
Costa Rica,Muertes_agua,29.894249,
Costa Rica,Pepticidas,2722.53,
Costa Rica,Precipitaciones,1466.9404,
Costa Rica,Muertes_agua_2,893.6661232740009,
Costa Rica,Exp_plomo_2,35832.96425824091,
Costa Rica,Pepticidas_log,,
Ecuador,Contaminacion_aire,0.5157121,
Ecuador,Exp_plomo,204.56923,
Ecuador,Muertes_agua,97.64627,
Ecuador,Pepticidas,17.18,
Ecuador,Precipitaciones,607.66797,
Ecuador,Muertes_agua_2,9534.7940449129,
Ecuador,Exp_plomo_2,41848.5698627929,
Ecuador,Pepticidas_log,,
El Salvador,Contaminacion_aire,1.2353954,
El Salvador,Exp_plomo,456.19498,
El Salvador,Muertes_agua,157.12941,
El Salvador,Pepticidas,386.0,
El Salvador,Precipitaciones,2462.8872,
El Salvador,Muertes_agua_2,24689.651486948103,
El Salvador,Exp_plomo_2,208113.85977720038,
El Salvador,Pepticidas_log,,
Guatemala,Contaminacion_aire,0.61696595,
Guatemala,Exp_plomo,479.23047,
Guatemala,Muertes_agua,1574.353,
Guatemala,Pepticidas,5283.93,
Guatemala,Precipitaciones,3404.7065,
Guatemala,Muertes_agua_2,2478587.368609,
Guatemala,Exp_plomo_2,229661.84337642093,
Guatemala,Pepticidas_log,,
Haiti,Contaminacion_aire,1.8529506,
Haiti,Exp_plomo,1373.9156,
Haiti,Muertes_agua,3347.3682,
Haiti,Pepticidas,5.34,
Haiti,Precipitaciones,17.214151,
Haiti,Muertes_agua_2,11204873.866371239,
Haiti,Exp_plomo_2,1887644.0759233602,
Haiti,Pepticidas_log,,
Honduras,Contaminacion_aire,2.413788,
Honduras,Exp_plomo,953.241,
Honduras,Muertes_agua,581.49634,
Honduras,Pepticidas,27422.77,
Honduras,Precipitaciones,1584.5537,
Honduras,Muertes_agua_2,338137.99343339563,
Honduras,Exp_plomo_2,908668.404081,
Honduras,Pepticidas_log,,
Peru,Contaminacion_aire,0.43185708,
Peru,Exp_plomo,165.1409,
Peru,Muertes_agua,367.47958,
Peru,Pepticidas,336.09,
Peru,Precipitaciones,475.23853,
Peru,Muertes_agua_2,135041.2417169764,
Peru,Exp_plomo_2,27271.516852809997,
Peru,Pepticidas_log,,
Trinidad and Tobago,Contaminacion_aire,0.07193752,
Trinidad and Tobago,Exp_plomo,184.07483,
Trinidad and Tobago,Muertes_agua,14.980979,
Trinidad and Tobago,Pepticidas,423201.53,
Trinidad and Tobago,Precipitaciones,1292.5046,
Trinidad and Tobago,Muertes_agua_2,224.429731798441,
Trinidad and Tobago,Exp_plomo_2,33883.5430395289,
Trinidad and Tobago,Pepticidas_log,,
Algeria,Contaminacion_aire,3.2868474,
Algeria,Exp_plomo,657.8085,
Algeria,Muertes_agua,194.33035,
Algeria,Pepticidas,6067.35,
Algeria,Precipitaciones,385.74084,
Algeria,Muertes_agua_2,37764.28493112251,
Algeria,Exp_plomo_2,432712.02267225,
Algeria,Pepticidas_log,,
Brazil,Contaminacion_aire,1.9201739,
Brazil,Exp_plomo,242.46474,
Brazil,Muertes_agua,2790.0347,
Brazil,Pepticidas,261.03,
Brazil,Precipitaciones,1468.3604,
Brazil,Muertes_agua_2,7784293.627204091,
Brazil,Exp_plomo_2,58789.1501432676,
Brazil,Pepticidas_log,,
Mexico,Contaminacion_aire,2.1443577,
Mexico,Exp_plomo,325.27673,
Mexico,Muertes_agua,1872.3151,
Mexico,Pepticidas,75.11,
Mexico,Precipitaciones,27.188368,
Mexico,Muertes_agua_2,3505563.83368801,
Mexico,Exp_plomo_2,105804.9510794929,
Mexico,Pepticidas_log,,
Nicaragua,Contaminacion_aire,0.6423987,
Nicaragua,Exp_plomo,343.24966,
Nicaragua,Muertes_agua,135.86537,
Nicaragua,Pepticidas,24996.57,
Nicaragua,Precipitaciones,873.3425,
Nicaragua,Muertes_agua_2,18459.398765236903,
Nicaragua,Exp_plomo_2,117820.3290901156,
Nicaragua,Pepticidas_log,,
Panama,Contaminacion_aire,0.5914607,
Panama,Exp_plomo,209.45068,
Panama,Muertes_agua,72.063995,
Panama,Pepticidas,9330.0,
Panama,Precipitaciones,549.83405,
Panama,Muertes_agua_2,5193.219375360026,
Panama,Exp_plomo_2,43869.587352462404,
Panama,Pepticidas_log,,
Paraguay,Contaminacion_aire,1.3607289,
Paraguay,Exp_plomo,287.97458,
Paraguay,Muertes_agua,64.88584,
Paraguay,Pepticidas,9580.0,
Paraguay,Precipitaciones,1291.161,
Paraguay,Muertes_agua_2,4210.1722325056,
Paraguay,Exp_plomo_2,82929.3587261764,
Paraguay,Pepticidas_log,,
Bahrain,Contaminacion_aire,7.2438536,
Bahrain,Exp_plomo,338.1105,
Bahrain,Muertes_agua,2.781247,
Bahrain,Pepticidas,1453.0,
Bahrain,Precipitaciones,1280.9397,
Bahrain,Muertes_agua_2,7.735334875009,
Bahrain,Exp_plomo_2,114318.71021025,
Bahrain,Pepticidas_log,,
Egypt,Contaminacion_aire,3.3692214,
Egypt,Exp_plomo,1728.5693,
Egypt,Muertes_agua,1103.032,
Egypt,Pepticidas,27.63,
Egypt,Precipitaciones,2148.5146,
Egypt,Muertes_agua_2,1216679.5930239998,
Egypt,Exp_plomo_2,2987951.8249024902,
Egypt,Pepticidas_log,,
Iran,Contaminacion_aire,2.912751,
Iran,Exp_plomo,716.09827,
Iran,Muertes_agua,238.31381,
Iran,Pepticidas,80454.0,
Iran,Precipitaciones,836.59937,
Iran,Muertes_agua_2,56793.47203671609,
Iran,Exp_plomo_2,512796.73229699285,
Iran,Pepticidas_log,,
Iraq,Contaminacion_aire,1.9798177,
Iraq,Exp_plomo,782.5429,
Iraq,Muertes_agua,277.29852,
Iraq,Pepticidas,1288.62,
Iraq,Precipitaciones,1807.4237,
Iraq,Muertes_agua_2,76894.4691941904,
Iraq,Exp_plomo_2,612373.39034041,
Iraq,Pepticidas_log,,
Jordan,Contaminacion_aire,1.5307152,
Jordan,Exp_plomo,406.78122,
Jordan,Muertes_agua,30.261837,
Jordan,Pepticidas,1126.94,
Jordan,Precipitaciones,2101.9578,
Jordan,Muertes_agua_2,915.778778614569,
Jordan,Exp_plomo_2,165470.9609446884,
Jordan,Pepticidas_log,,
Kuwait,Contaminacion_aire,0.52327454,
Kuwait,Exp_plomo,219.15132,
Kuwait,Muertes_agua,2.1613564,
Kuwait,Pepticidas,1250.48,
Kuwait,Precipitaciones,2573.752,
Kuwait,Muertes_agua_2,4.6714614878209595,
Kuwait,Exp_plomo_2,48027.3010577424,
Kuwait,Pepticidas_log,,
Lebanon,Contaminacion_aire,2.2116387,
Lebanon,Exp_plomo,203.3838,
Lebanon,Muertes_agua,64.087135,
Lebanon,Pepticidas,2788.52,
Lebanon,Precipitaciones,2064.7466,
Lebanon,Muertes_agua_2,4107.160872508225,
Lebanon,Exp_plomo_2,41364.970102440006,
Lebanon,Pepticidas_log,,
Libya,Contaminacion_aire,2.9565282,
Libya,Exp_plomo,560.9275,
Libya,Muertes_agua,36.338287,
Libya,Pepticidas,101.06,
Libya,Precipitaciones,2280.6223,
Libya,Muertes_agua_2,1320.4711020943691,
Libya,Exp_plomo_2,314639.66025625,
Libya,Pepticidas_log,,
Morocco,Contaminacion_aire,3.1879318,
Morocco,Exp_plomo,707.6658,
Morocco,Muertes_agua,538.28143,
Morocco,Pepticidas,342.92,
Morocco,Precipitaciones,394.29932,
Morocco,Muertes_agua_2,289746.8978828449,
Morocco,Exp_plomo_2,500790.88448964,
Morocco,Pepticidas_log,,
Oman,Contaminacion_aire,1.8837498,
Oman,Exp_plomo,503.91364,
Oman,Muertes_agua,14.173906,
Oman,Pepticidas,8233.6,
Oman,Precipitaciones,1657.3317,
Oman,Muertes_agua_2,200.899611296836,
Oman,Exp_plomo_2,253928.95657804958,
Oman,Pepticidas_log,,
Palestine,Contaminacion_aire,2.287698,
Palestine,Exp_plomo,761.17065,
Palestine,Muertes_agua,13.204723,
Palestine,Pepticidas,7.03,
Palestine,Precipitaciones,3519.8147,
Palestine,Muertes_agua_2,174.36470950672899,
Palestine,Exp_plomo_2,579380.7584214226,
Palestine,Pepticidas_log,,
Qatar,Contaminacion_aire,2.8359382,
Qatar,Exp_plomo,186.67668,
Qatar,Muertes_agua,1.8190325,
Qatar,Pepticidas,354.88,
Qatar,Precipitaciones,2204.6484,
Qatar,Muertes_agua_2,3.3088792360562502,
Qatar,Exp_plomo_2,34848.1828558224,
Qatar,Pepticidas_log,,
Saudi Arabia,Contaminacion_aire,3.89739,
Saudi Arabia,Exp_plomo,729.7557,
Saudi Arabia,Muertes_agua,128.44937,
Saudi Arabia,Pepticidas,1511.0,
Saudi Arabia,Precipitaciones,476.2706,
Saudi Arabia,Muertes_agua_2,16499.240653396897,
Saudi Arabia,Exp_plomo_2,532543.3816824901,
Saudi Arabia,Pepticidas_log,,
Syria,Contaminacion_aire,3.4913855,
Syria,Exp_plomo,1029.0352,
Syria,Muertes_agua,37.05794,
Syria,Pepticidas,909.0,
Syria,Precipitaciones,1354.011,
Syria,Muertes_agua_2,1373.2909170436,
Syria,Exp_plomo_2,1058913.44283904,
Syria,Pepticidas_log,,
Tunisia,Contaminacion_aire,2.480206,
Tunisia,Exp_plomo,570.53033,
Tunisia,Muertes_agua,61.132248,
Tunisia,Pepticidas,2413.02,
Tunisia,Precipitaciones,1356.915,
Tunisia,Muertes_agua_2,3737.151745533504,
Tunisia,Exp_plomo_2,325504.857449909,
Tunisia,Pepticidas_log,,
Turkey,Contaminacion_aire,4.702077,
Turkey,Exp_plomo,292.26926,
Turkey,Muertes_agua,400.76114,
Turkey,Pepticidas,88.6,
Turkey,Precipitaciones,801.3983,
Turkey,Muertes_agua_2,160609.4913340996,
Turkey,Exp_plomo_2,85421.32034094758,
Turkey,Pepticidas_log,,
Bangladesh,Contaminacion_aire,12.606487,
Bangladesh,Exp_plomo,711.75287,
Bangladesh,Muertes_agua,23017.13,
Bangladesh,Pepticidas,550.0,
Bangladesh,Precipitaciones,2560.112,
Bangladesh,Muertes_agua_2,529788273.4369,
Bangladesh,Exp_plomo_2,506592.14795323694,
Bangladesh,Pepticidas_log,,
Bhutan,Contaminacion_aire,14.293762,
Bhutan,Exp_plomo,628.9921,
Bhutan,Muertes_agua,55.459145,
Bhutan,Pepticidas,2201.19,
Bhutan,Precipitaciones,636.6076,
Bhutan,Muertes_agua_2,3075.716764131025,
Bhutan,Exp_plomo_2,395631.06186241005,
Bhutan,Pepticidas_log,,
India,Contaminacion_aire,24.144508,
India,Exp_plomo,681.47504,
India,Muertes_agua,338521.16,
India,Pepticidas,3083.02,
India,Precipitaciones,1947.0168,
India,Muertes_agua_2,114596575767.74559,
India,Exp_plomo_2,464408.23014300165,
India,Pepticidas_log,,
Nepal,Contaminacion_aire,32.250168,
Nepal,Exp_plomo,866.85046,
Nepal,Muertes_agua,3044.1196,
Nepal,Pepticidas,575.0,
Nepal,Precipitaciones,528.3842,
Nepal,Muertes_agua_2,9266664.13910416,
Nepal,Exp_plomo_2,751429.7200022116,
Nepal,Pepticidas_log,,
Pakistan,Contaminacion_aire,15.422959,
Pakistan,Exp_plomo,835.653,
Pakistan,Muertes_agua,28947.299,
Pakistan,Pepticidas,1335.53,
Pakistan,Precipitaciones,1043.1213,
Pakistan,Muertes_agua_2,837946119.395401,
Pakistan,Exp_plomo_2,698315.9364090001,
Pakistan,Pepticidas_log,,
Burundi,Contaminacion_aire,4.0991306,
Burundi,Exp_plomo,648.69867,
Burundi,Muertes_agua,3828.74,
Burundi,Pepticidas,180.08,
Burundi,Precipitaciones,2454.5159,
Burundi,Muertes_agua_2,14659249.987599999,
Burundi,Exp_plomo_2,420809.9644597689,
Burundi,Pepticidas_log,,
Central African Republic,Contaminacion_aire,8.370158,
Central African Republic,Exp_plomo,1076.022,
Central African Republic,Muertes_agua,3359.4648,
Central African Republic,Pepticidas,8436.16,
Central African Republic,Precipitaciones,354.30823,
Central African Republic,Muertes_agua_2,11286003.74243904,
Central African Republic,Exp_plomo_2,1157823.3444839998,
Central African Republic,Pepticidas_log,,
Congo,Contaminacion_aire,3.8535864,
Congo,Exp_plomo,527.71686,
Congo,Muertes_agua,745.14606,
Congo,Pepticidas,7898.0,
Congo,Precipitaciones,386.78546,
Congo,Muertes_agua_2,555242.6507335237,
Congo,Exp_plomo_2,278485.0843282596,
Congo,Pepticidas_log,,
Democratic Republic of Congo,Contaminacion_aire,5.462971,
Democratic Republic of Congo,Exp_plomo,692.6668,
Democratic Republic of Congo,Muertes_agua,11687.791,
Democratic Republic of Congo,Pepticidas,5082.0,
Democratic Republic of Congo,Precipitaciones,1377.9583,
Democratic Republic of Congo,Muertes_agua_2,136604458.45968097,
Democratic Republic of Congo,Exp_plomo_2,479787.29582223995,
Democratic Republic of Congo,Pepticidas_log,,
Equatorial Guinea,Contaminacion_aire,2.378285,
Equatorial Guinea,Exp_plomo,456.5636,
Equatorial Guinea,Muertes_agua,76.465096,
Equatorial Guinea,Pepticidas,1091.99,
Equatorial Guinea,Precipitaciones,992.3072,
Equatorial Guinea,Muertes_agua_2,5846.910906289217,
Equatorial Guinea,Exp_plomo_2,208450.32084496002,
Equatorial Guinea,Pepticidas_log,,
Gabon,Contaminacion_aire,1.3408467,
Gabon,Exp_plomo,427.4083,
Gabon,Muertes_agua,113.31376,
Gabon,Pepticidas,129.93,
Gabon,Precipitaciones,165.47585,
Gabon,Muertes_agua_2,12840.0082053376,
Gabon,Exp_plomo_2,182677.85490889,
Gabon,Pepticidas_log,,
Comoros,Contaminacion_aire,0.66932684,
Comoros,Exp_plomo,465.07855,
Comoros,Muertes_agua,107.30909,
Comoros,Pepticidas,10.55,
Comoros,Precipitaciones,1319.4166,
Comoros,Muertes_agua_2,11515.240796628099,
Comoros,Exp_plomo_2,216298.0576701025,
Comoros,Pepticidas_log,,
Djibouti,Contaminacion_aire,2.0475955,
Djibouti,Exp_plomo,544.5383,
Djibouti,Muertes_agua,158.13489,
Djibouti,Pepticidas,10901.82,
Djibouti,Precipitaciones,1665.8271,
Djibouti,Muertes_agua_2,25006.643435312104,
Djibouti,Exp_plomo_2,296521.96016689006,
Djibouti,Pepticidas_log,7.727138556087224,
Eritrea,Contaminacion_aire,3.0657523,
Eritrea,Exp_plomo,693.4161,
Eritrea,Muertes_agua,1942.4244,
Eritrea,Pepticidas,2270.6,
Eritrea,Precipitaciones,573.29517,
Eritrea,Muertes_agua_2,3773012.5497153606,
Eritrea,Exp_plomo_2,480825.88773921004,
Eritrea,Pepticidas_log,7.836053629980569,
Ethiopia,Contaminacion_aire,2.5562718,
Ethiopia,Exp_plomo,573.97235,
Ethiopia,Muertes_agua,28203.396,
Ethiopia,Pepticidas,0.88,
Ethiopia,Precipitaciones,1509.8052,
Ethiopia,Muertes_agua_2,795431545.932816,
Ethiopia,Exp_plomo_2,329444.2585645225,
Ethiopia,Pepticidas_log,8.22006935210403,
Kenya,Contaminacion_aire,2.470929,
Kenya,Exp_plomo,366.53195,
Kenya,Muertes_agua,9012.014,
Kenya,Pepticidas,69511.27,
Kenya,Precipitaciones,1099.5789,
Kenya,Muertes_agua_2,81216396.33619599,
Kenya,Exp_plomo_2,134345.6703708025,
Kenya,Pepticidas_log,7.938367060749498,
Madagascar,Contaminacion_aire,2.468034,
Madagascar,Exp_plomo,792.6202,
Madagascar,Muertes_agua,11158.37,
Madagascar,Pepticidas,326.48,
Madagascar,Precipitaciones,47.898216,
Madagascar,Muertes_agua_2,124509221.05690002,
Madagascar,Exp_plomo_2,628246.7814480399,
Madagascar,Pepticidas_log,7.977285418458253,
Malawi,Contaminacion_aire,1.7012776,
Malawi,Exp_plomo,642.7977,
Malawi,Muertes_agua,5303.3345,
Malawi,Pepticidas,61.32,
Malawi,Precipitaciones,408.14185,
Malawi,Muertes_agua_2,28125356.818890247,
Malawi,Exp_plomo_2,413188.8831252899,
Malawi,Pepticidas_log,8.117950682716547,
Mauritius,Contaminacion_aire,0.0020476624,
Mauritius,Exp_plomo,240.83267,
Mauritius,Muertes_agua,11.99801,
Mauritius,Pepticidas,3048.45,
Mauritius,Precipitaciones,1594.9893,
Mauritius,Muertes_agua_2,143.95224396010002,
Mauritius,Exp_plomo_2,58000.3749393289,
Mauritius,Pepticidas_log,8.161834523662932,
Mozambique,Contaminacion_aire,1.2973617,
Mozambique,Exp_plomo,1022.70807,
Mozambique,Muertes_agua,6627.9214,
Mozambique,Pepticidas,143767.94,
Mozambique,Precipitaciones,1201.5632,
Mozambique,Muertes_agua_2,43929342.08457796,
Mozambique,Exp_plomo_2,1045931.796443125,
Mozambique,Pepticidas_log,8.043512409724574,
Rwanda,Contaminacion_aire,4.1914845,
Rwanda,Exp_plomo,513.43396,
Rwanda,Muertes_agua,1898.7156,
Rwanda,Pepticidas,7.15,
Rwanda,Precipitaciones,2256.7163,
Rwanda,Muertes_agua_2,3605120.92968336,
Rwanda,Exp_plomo_2,263614.4312812816,
Rwanda,Pepticidas_log,7.987191543996993,
Seychelles,Contaminacion_aire,0.5623927,
Seychelles,Exp_plomo,225.05032,
Seychelles,Muertes_agua,2.5156372,
Seychelles,Pepticidas,16582.0,
Seychelles,Precipitaciones,1202.271,
Seychelles,Muertes_agua_2,6.32843052202384,
Seychelles,Exp_plomo_2,50647.6465321024,
Seychelles,Pepticidas_log,7.883205088699351,
Somalia,Contaminacion_aire,2.6376116,
Somalia,Exp_plomo,1196.0887,
Somalia,Muertes_agua,12943.958,
Somalia,Pepticidas,39147.0,
Somalia,Precipitaciones,1694.6115,
Somalia,Muertes_agua_2,167546048.70576403,
Somalia,Exp_plomo_2,1430628.1782676901,
Somalia,Pepticidas_log,7.997249457072368,
Uganda,Contaminacion_aire,2.6843226,
Uganda,Exp_plomo,476.45813,
Uganda,Muertes_agua,6584.1147,
Uganda,Pepticidas,6118.71,
Uganda,Precipitaciones,1056.1262,
Uganda,Muertes_agua_2,43350566.38275609,
Uganda,Exp_plomo_2,227012.34964309688,
Uganda,Pepticidas_log,7.976190107412635,
Tanzania,Contaminacion_aire,1.3216771,
Tanzania,Exp_plomo,388.64062,
Tanzania,Muertes_agua,13097.002,
Tanzania,Pepticidas,26.19,
Tanzania,Precipitaciones,1854.0664,
Tanzania,Muertes_agua_2,171531461.388004,
Tanzania,Exp_plomo_2,151041.5315139844,
Tanzania,Pepticidas_log,8.036554004603122,
Botswana,Contaminacion_aire,2.4445958,
Botswana,Exp_plomo,493.78125,
Botswana,Muertes_agua,475.11423,
Botswana,Pepticidas,13.21,
Botswana,Precipitaciones,1107.8752,
Botswana,Muertes_agua_2,225733.53154849293,
Botswana,Exp_plomo_2,243819.9228515625,
Botswana,Pepticidas_log,7.907217357691817,
Lesotho,Contaminacion_aire,5.375629,
Lesotho,Exp_plomo,1043.5192,
Lesotho,Muertes_agua,1006.8008,
Lesotho,Pepticidas,76892.28,
Lesotho,Precipitaciones,186.61212,
Lesotho,Muertes_agua_2,1013647.85088064,
Lesotho,Exp_plomo_2,1088932.32076864,
Lesotho,Pepticidas_log,7.820840879907344,
Namibia,Contaminacion_aire,4.249396,
Namibia,Exp_plomo,550.30804,
Namibia,Muertes_agua,542.85254,
Namibia,Pepticidas,324.46,
Namibia,Precipitaciones,600.6993,
Namibia,Muertes_agua_2,294688.8801844516,
Namibia,Exp_plomo_2,302838.9388886416,
Namibia,Pepticidas_log,7.820840879907344,
South Africa,Contaminacion_aire,2.0596907,
South Africa,Exp_plomo,331.90683,
South Africa,Muertes_agua,9139.857,
South Africa,Pepticidas,1409.15,
South Africa,Precipitaciones,242.51434,
South Africa,Muertes_agua_2,83536985.980449,
South Africa,Exp_plomo_2,110162.1438006489,
South Africa,Pepticidas_log,7.820840879907344,
Eswatini,Contaminacion_aire,3.3228204,
Eswatini,Exp_plomo,746.60596,
Eswatini,Muertes_agua,277.45337,
Eswatini,Pepticidas,356589.16,
Eswatini,Precipitaciones,147.84029,
Eswatini,Muertes_agua_2,76980.3725243569,
Eswatini,Exp_plomo_2,557420.4595075216,
Eswatini,Pepticidas_log,7.820840879907344,
Benin,Contaminacion_aire,3.5340676,
Benin,Exp_plomo,480.8534,
Benin,Muertes_agua,3195.6445,
Benin,Pepticidas,24.51,
Benin,Precipitaciones,1869.461,
Benin,Muertes_agua_2,10212143.77038025,
Benin,Exp_plomo_2,231219.99229156002,
Benin,Pepticidas_log,7.820840879907344,
Burkina Faso,Contaminacion_aire,2.0778573,
Burkina Faso,Exp_plomo,838.266,
Burkina Faso,Muertes_agua,8883.928,
Burkina Faso,Pepticidas,480.55,
Burkina Faso,Precipitaciones,1281.4471,
Burkina Faso,Muertes_agua_2,78924176.70918399,
Burkina Faso,Exp_plomo_2,702689.886756,
Burkina Faso,Pepticidas_log,7.820840879907344,
Cape Verde,Contaminacion_aire,1.0140328,
Cape Verde,Exp_plomo,374.06363,
Cape Verde,Muertes_agua,34.1964,
Cape Verde,Pepticidas,569.33,
Cape Verde,Precipitaciones,916.582,
Cape Verde,Muertes_agua_2,1169.3937729599998,
Cape Verde,Exp_plomo_2,139923.5992887769,
Cape Verde,Pepticidas_log,7.820840879907344,
Cameroon,Contaminacion_aire,3.329984,
Cameroon,Exp_plomo,680.20734,
Cameroon,Muertes_agua,5482.964,
Cameroon,Pepticidas,0.5,
Cameroon,Precipitaciones,85.95517,
Cameroon,Muertes_agua_2,30062894.225296,
Cameroon,Exp_plomo_2,462682.02538987563,
Cameroon,Pepticidas_log,7.820840879907344,
Chad,Contaminacion_aire,3.358661,
Chad,Exp_plomo,994.483,
Chad,Muertes_agua,20310.44,
Chad,Pepticidas,232498.1,
Chad,Precipitaciones,921.82556,
Chad,Muertes_agua_2,412513972.99359995,
Chad,Exp_plomo_2,988996.4372889999,
Chad,Pepticidas_log,7.820840879907344,
Cote d'Ivoire,Contaminacion_aire,2.4155564,
Cote d'Ivoire,Exp_plomo,619.327,
Cote d'Ivoire,Muertes_agua,4296.479,
Cote d'Ivoire,Pepticidas,3656.65,
Cote d'Ivoire,Precipitaciones,1045.98,
Cote d'Ivoire,Muertes_agua_2,18459731.797441002,
Cote d'Ivoire,Exp_plomo_2,383565.932929,
Cote d'Ivoire,Pepticidas_log,7.998342116360508,
Gambia,Contaminacion_aire,2.725313,
Gambia,Exp_plomo,807.5773,
Gambia,Muertes_agua,359.5643,
Gambia,Pepticidas,7345.7,
Gambia,Precipitaciones,1435.2982,
Gambia,Muertes_agua_2,129286.48583449,
Gambia,Exp_plomo_2,652181.0954752901,
Gambia,Pepticidas_log,8.149035428678587,
Ghana,Contaminacion_aire,1.8392293,
Ghana,Exp_plomo,456.96262,
Ghana,Muertes_agua,4317.2427,
Ghana,Pepticidas,8.16,
Ghana,Precipitaciones,1131.8893,
Ghana,Muertes_agua_2,18638584.530703288,
Ghana,Exp_plomo_2,208814.83607726442,
Ghana,Pepticidas_log,8.279963393126954,
Guinea,Contaminacion_aire,2.9154692,
Guinea,Exp_plomo,814.5802,
Guinea,Muertes_agua,3264.181,
Guinea,Pepticidas,45.0,
Guinea,Precipitaciones,488.86746,
Guinea,Muertes_agua_2,10654877.600761,
Guinea,Exp_plomo_2,663540.90223204,
Guinea,Pepticidas_log,8.395719102194994,
Guinea-Bissau,Contaminacion_aire,3.2800007,
Guinea-Bissau,Exp_plomo,1048.2961,
Guinea-Bissau,Muertes_agua,440.0324,
Guinea-Bissau,Pepticidas,11178.0,
Guinea-Bissau,Precipitaciones,1142.9324,
Guinea-Bissau,Muertes_agua_2,193628.51304976,
Guinea-Bissau,Exp_plomo_2,1098924.71327521,
Guinea-Bissau,Pepticidas_log,8.499454792134694,
Liberia,Contaminacion_aire,2.1070154,
Liberia,Exp_plomo,748.7032,
Liberia,Muertes_agua,1306.7832,
Liberia,Pepticidas,91.33,
Liberia,Precipitaciones,1667.258,
Liberia,Muertes_agua_2,1707682.33180224,
Liberia,Exp_plomo_2,560556.4816902401,
Liberia,Pepticidas_log,8.593433602590585,
Mali,Contaminacion_aire,4.316673,
Mali,Exp_plomo,703.67,
Mali,Muertes_agua,6532.8403,
Mali,Pepticidas,1358.55,
Mali,Precipitaciones,281.71265,
Mali,Muertes_agua_2,42678002.385304086,
Mali,Exp_plomo_2,495151.4688999999,
Mali,Pepticidas_log,8.679334149491813,
Mauritania,Contaminacion_aire,1.3710803,
Mauritania,Exp_plomo,436.50876,
Mauritania,Muertes_agua,525.8403,
Mauritania,Pepticidas,19.74,
Mauritania,Precipitaciones,1316.5365,
Mauritania,Muertes_agua_2,276508.02110409,
Mauritania,Exp_plomo_2,190539.8975567376,
Mauritania,Pepticidas_log,8.758434387958637,
Niger,Contaminacion_aire,3.2814448,
Niger,Exp_plomo,811.7352,
Niger,Muertes_agua,12630.462,
Niger,Pepticidas,431294.66,
Niger,Precipitaciones,1663.1587,
Niger,Muertes_agua_2,159528570.333444,
Niger,Exp_plomo_2,658914.0349190399,
Niger,Pepticidas_log,8.831735282034614,
Nigeria,Contaminacion_aire,2.7397451,
Nigeria,Exp_plomo,351.1755,
Nigeria,Muertes_agua,98102.15,
Nigeria,Pepticidas,46856.06,
Nigeria,Precipitaciones,1622.5159,
Nigeria,Muertes_agua_2,9624031834.6225,
Nigeria,Exp_plomo_2,123324.23180025,
Nigeria,Pepticidas_log,7.504942068396171,
Sao Tome and Principe,Contaminacion_aire,4.415653,
Sao Tome and Principe,Exp_plomo,480.3394,
Sao Tome and Principe,Muertes_agua,10.550467,
Sao Tome and Principe,Pepticidas,48.92,
Sao Tome and Principe,Precipitaciones,1524.9801,
Sao Tome and Principe,Muertes_agua_2,111.31235391808899,
Sao Tome and Principe,Exp_plomo_2,230725.93919236,
Sao Tome and Principe,Pepticidas_log,7.504942068396171,
Senegal,Contaminacion_aire,2.158583,
Senegal,Exp_plomo,525.7525,
Senegal,Muertes_agua,1924.2212,
Senegal,Pepticidas,18153.55,
Senegal,Precipitaciones,3674.5164,
Senegal,Muertes_agua_2,3702627.22652944,
Senegal,Exp_plomo_2,276415.6912562501,
Senegal,Pepticidas_log,7.504942068396171,
Sierra Leone,Contaminacion_aire,2.022849,
Sierra Leone,Exp_plomo,681.09,
Sierra Leone,Muertes_agua,2544.8188,
Sierra Leone,Pepticidas,118155.13,
Sierra Leone,Precipitaciones,1525.9907,
Sierra Leone,Muertes_agua_2,6476102.72483344,
Sierra Leone,Exp_plomo_2,463883.58810000005,
Sierra Leone,Pepticidas_log,7.504942068396171,
Togo,Contaminacion_aire,4.0861135,
Togo,Exp_plomo,629.9448,
Togo,Muertes_agua,2289.433,
Togo,Pepticidas,534.56,
Togo,Precipitaciones,540.1039,
Togo,Muertes_agua_2,5241503.461489,
Togo,Exp_plomo_2,396830.45104704,
Togo,Pepticidas_log,7.504942068396171,
Cook Islands,Contaminacion_aire,0.58814925,
Cook Islands,Exp_plomo,131.94354,
Cook Islands,Muertes_agua,0.36435965,
Cook Islands,Pepticidas,98.37,
Cook Islands,Precipitaciones,1205.8376,
Cook Islands,Muertes_agua_2,0.13275795454812248,
Cook Islands,Exp_plomo_2,17409.097747731605,
Cook Islands,Pepticidas_log,7.504942068396171,
Greenland,Contaminacion_aire,1.5601676,
Greenland,Exp_plomo,106.91559,
Greenland,Muertes_agua,0.048418853,
Greenland,Pepticidas,404.35,
Greenland,Precipitaciones,355.4029,
Greenland,Muertes_agua_2,0.002344385325835609,
Greenland,Exp_plomo_2,11430.943385048098,
Greenland,Pepticidas_log,7.504942068396171,
Sudan,Contaminacion_aire,2.822252,
Sudan,Exp_plomo,1209.9124,
Sudan,Muertes_agua,1413.7561,
Sudan,Pepticidas,18849.0,
Sudan,Precipitaciones,1874.6235,
Sudan,Muertes_agua_2,1998706.3102872102,
Sudan,Exp_plomo_2,1463888.0156737599,
Sudan,Pepticidas_log,7.504942068396171,
